experiment,algorithm,dataset,file,algorithm_file,threshold_index,size_fraction,max_transactions,min_utility,central_percentage,threshold_mode,runtime_ms,baseline_memory_mb,peak_memory_mb,delta_memory_mb,algorithm_internal_memory_mb,pattern_count,output_pattern_lines,candidate_count,case1_count,case2_count,read_transactions,read_total_utility,read_entries,read_unique_items,status,error,stderr_tail
scalability,ulb_miner,accidents,/work/datasets/accidents.txt,/work/ulb_miner.py,,0.20,68037,24000000,1.0,absolute,7707.953,16.594,419.996,403.402,-1.0,0,0,0,,,68037,39738508,2307819,368,ok,,
scalability,ulb_miner,accidents,/work/datasets/accidents.txt,/work/ulb_miner.py,,0.40,136073,24000000,1.0,absolute,23920.352,16.539,1116.828,1100.289,-1.0,0,0,35,,,136073,79713797,4609839,407,ok,,
scalability,ulb_miner,accidents,/work/datasets/accidents.txt,/work/ulb_miner.py,,0.60,204110,24000000,1.0,absolute,156359.952,16.535,1888.586,1872.051,-1.0,0,0,717,,,204110,118406715,6913669,434,ok,,
scalability,ulb_miner,accidents,/work/datasets/accidents.txt,/work/ulb_miner.py,,0.80,272146,24000000,1.0,absolute,958700.857,16.586,2727.836,2711.25,-1.0,7,7,4173,,,272146,156728798,9190041,449,ok,,
scalability,ulb_miner,accidents,/work/datasets/accidents.txt,/work/ulb_miner.py,,1.00,340183,24000000,1.0,absolute,4138285.593,16.594,3521.676,3505.082,-1.0,513,513,15711,,,340183,196141636,11500870,468,ok,,
scalability,ulb_miner,kosarak,/work/datasets/kosarak.txt,/work/ulb_miner.py,,0.20,198000,2750000,0.02,absolute,4213.923,17.328,194.801,177.473,-1.0,1,1,1,,,198000,27985345,1592345,28708,ok,,
scalability,ulb_miner,kosarak,/work/datasets/kosarak.txt,/work/ulb_miner.py,,0.40,396001,2750000,0.02,absolute,12515.19,17.598,512.477,494.879,-1.0,5,5,12,,,396001,56600228,3220244,33988,ok,,
scalability,ulb_miner,kosarak,/work/datasets/kosarak.txt,/work/ulb_miner.py,,0.60,594001,2750000,0.02,absolute,25970.692,17.555,887.734,870.18,-1.0,10,10,36,,,594001,84633413,4814893,36960,ok,,
scalability,ulb_miner,kosarak,/work/datasets/kosarak.txt,/work/ulb_miner.py,,0.80,792002,2750000,0.02,absolute,47339.48,17.535,1392.258,1374.723,-1.0,18,18,49,,,792002,112970749,6426945,39483,ok,,
scalability,ulb_miner,kosarak,/work/datasets/kosarak.txt,/work/ulb_miner.py,,1.00,990002,2750000,0.02,absolute,77529.67,17.539,1883.379,1865.84,-1.0,22,22,144,,,990002,140925416,8019015,41270,ok,,
scalability,ulb_miner,chainstore,/work/datasets/chainstore.txt,/work/ulb_miner.py,,0.20,222590,130000,0.005,absolute,184202.473,16.859,1127.352,1110.492,-1.0,986,986,59427,,,222590,531406822,1600775,34761,ok,,
scalability,ulb_miner,chainstore,/work/datasets/chainstore.txt,/work/ulb_miner.py,,0.40,445180,130000,0.005,absolute,738696.157,16.91,2059.312,2042.402,-1.0,2778,2778,226524,,,445180,1012962889,3091654,38836,ok,,
scalability,ulb_miner,chainstore,/work/datasets/chainstore.txt,/work/ulb_miner.py,,0.60,667769,130000,0.005,absolute,1944586.75,16.922,3281.555,3264.633,-1.0,5685,5685,626589,,,667769,1570214820,4811577,42123,ok,,
scalability,ulb_miner,chainstore,/work/datasets/chainstore.txt,/work/ulb_miner.py,,0.80,890359,130000,0.005,absolute,3649388.055,16.809,4328.926,4312.117,-1.0,8952,8952,1219541,,,890359,2120864253,6503144,45099,ok,,
scalability,ulb_miner,chainstore,/work/datasets/chainstore.txt,/work/ulb_miner.py,,1.00,1112949,130000,0.005,absolute,5540278.109,17.035,5168.426,5151.391,-1.0,12436,12436,1974178,,,1112949,2609973588,8042879,46086,ok,,
scalability,ulb_miner,chicago_crimes,/work/datasets/chicago_crimes.txt,/work/ulb_miner.py,,0.20,532462,16000,0.2,absolute,18391.974,16.852,380.645,363.793,-1.0,206,206,499,,,532462,1459696,1017859,31,ok,,
scalability,ulb_miner,chicago_crimes,/work/datasets/chicago_crimes.txt,/work/ulb_miner.py,,0.40,1064924,16000,0.2,absolute,43902.716,16.848,743.887,727.039,-1.0,540,540,1168,,,1064924,3321471,2020981,31,ok,,
scalability,ulb_miner,chicago_crimes,/work/datasets/chicago_crimes.txt,/work/ulb_miner.py,,0.60,1597385,16000,0.2,absolute,68333.101,16.918,1099.465,1082.547,-1.0,865,865,1711,,,1597385,5377822,3000846,31,ok,,
scalability,ulb_miner,chicago_crimes,/work/datasets/chicago_crimes.txt,/work/ulb_miner.py,,0.80,2129847,16000,0.2,absolute,93410.131,17.082,1434.711,1417.629,-1.0,983,983,1968,,,2129847,6895679,3926721,35,ok,,
scalability,ulb_miner,chicago_crimes,/work/datasets/chicago_crimes.txt,/work/ulb_miner.py,,1.00,2662309,16000,0.2,absolute,115118.67,16.898,1746.043,1729.145,-1.0,1043,1043,2072,,,2662309,7941285,4781456,35,ok,,
