experiment,dataset,file,threshold_index,size_fraction,max_transactions,min_utility,central_percentage,threshold_mode,runtime_ms,baseline_memory_mb,peak_memory_mb,delta_memory_mb,pattern_count,candidate_count,nodes_visited,promising_item_count,read_transactions,read_total_utility,read_entries,array_transactions,array_entries,status,error
threshold,foodmart,/work/datasets/foodmart.txt,1,,,3000,0.1,absolute,2114.209,15.832,17.848,2.016,85034,180851,126338,1559,4141,12011023,18319,4141,18319,ok,
threshold,foodmart,/work/datasets/foodmart.txt,2,,,6000,0.1,absolute,1793.591,15.945,17.926,1.98,6309,60216,13549,1558,4141,12011023,18319,4141,18316,ok,
threshold,foodmart,/work/datasets/foodmart.txt,3,,,9000,0.1,absolute,1727.751,15.953,17.879,1.926,546,40533,1645,1557,4141,12011023,18319,4141,18314,ok,
threshold,foodmart,/work/datasets/foodmart.txt,4,,,12000,0.1,absolute,1691.43,15.953,17.934,1.98,261,39978,1544,1549,4141,12011023,18319,4141,18280,ok,
threshold,foodmart,/work/datasets/foodmart.txt,5,,,15000,0.1,absolute,1649.796,15.875,17.543,1.668,89,39503,1496,1537,4141,12011023,18319,4141,18221,ok,
threshold,foodmart,/work/datasets/foodmart.txt,6,,,18000,0.1,absolute,1567.903,16.012,17.68,1.668,31,38504,1423,1516,4141,12011023,18319,4141,18100,ok,
threshold,foodmart,/work/datasets/foodmart.txt,7,,,24000,0.1,absolute,1229.27,15.832,17.562,1.73,3,31796,1073,1412,4141,12011023,18319,4141,17375,ok,
threshold,foodmart,/work/datasets/foodmart.txt,8,,,36000,0.1,absolute,58.252,15.836,17.309,1.473,0,1101,4,1001,4141,12011023,18319,4141,13511,ok,
threshold,foodmart,/work/datasets/foodmart.txt,9,,,48000,0.1,absolute,60.853,15.93,16.828,0.898,0,485,1,485,4141,12011023,18319,4141,7431,ok,
threshold,foodmart,/work/datasets/foodmart.txt,10,,,60000,0.1,absolute,57.633,15.824,16.52,0.695,0,171,1,171,4141,12011023,18319,4141,2931,ok,
threshold,chainstore,/work/datasets/chainstore.txt,1,,,90000,0.005,absolute,7822701.537,15.863,294.992,279.129,43785109,251488327,96864243,25208,1112949,2609973588,8042879,1112949,7917334,ok,
threshold,chainstore,/work/datasets/chainstore.txt,2,,,95000,0.005,absolute,7251522.198,15.863,294.59,278.727,22041,46608731,130193,24827,1112949,2609973588,8042879,1112949,7910182,ok,
threshold,chainstore,/work/datasets/chainstore.txt,3,,,98000,0.005,absolute,7380574.404,15.855,293.543,277.688,20862,45517678,120871,24597,1112949,2609973588,8042879,1112949,7905677,ok,
threshold,chainstore,/work/datasets/chainstore.txt,4,,,130000,0.005,absolute,6660373.813,15.84,291.996,276.156,12436,38628034,71703,22578,1112949,2609973588,8042879,1112949,7859146,ok,
threshold,chainstore,/work/datasets/chainstore.txt,5,,,163000,0.005,absolute,6015980.226,15.977,290.281,274.305,8514,34927160,51271,20951,1112949,2609973588,8042879,1112949,7810732,ok,
threshold,chainstore,/work/datasets/chainstore.txt,6,,,196000,0.005,absolute,5544131.063,15.84,288.945,273.105,6222,32421981,39977,19656,1112949,2609973588,8042879,1112949,7763191,ok,
threshold,chainstore,/work/datasets/chainstore.txt,7,,,261000,0.005,absolute,4926982.719,15.855,286.238,270.383,3883,29055101,28460,17683,1112949,2609973588,8042879,1112949,7672679,ok,
threshold,chainstore,/work/datasets/chainstore.txt,8,,,391000,0.005,absolute,4018269.9,16.082,280.758,264.676,1937,24577378,18513,15015,1112949,2609973588,8042879,1112949,7500945,ok,
threshold,chainstore,/work/datasets/chainstore.txt,9,,,522000,0.005,absolute,3501057.996,15.969,277.199,261.23,1165,21621033,14357,13150,1112949,2609973588,8042879,1112949,7337508,ok,
threshold,chainstore,/work/datasets/chainstore.txt,10,,,652000,0.005,absolute,2987949.515,15.973,272.555,256.582,802,19158514,11847,11730,1112949,2609973588,8042879,1112949,7180486,ok,
threshold,ecommerce,/work/datasets/ecommerce.txt,1,,,165000,0.03,absolute,7219571.447,15.867,22.57,6.703,2434709810,3264179849,2861521048,2603,14975,497013754,174354,14975,171833,ok,
threshold,ecommerce,/work/datasets/ecommerce.txt,2,,,170000,0.03,absolute,6887129.527,15.867,22.348,6.48,2304557665,3075548704,2708455825,2589,14975,497013754,174354,14975,171748,ok,
threshold,ecommerce,/work/datasets/ecommerce.txt,3,,,175000,0.03,absolute,6498413.719,16.016,22.379,6.363,2179607729,2906479017,2568193333,2578,14975,497013754,174354,14975,171687,ok,
threshold,ecommerce,/work/datasets/ecommerce.txt,4,,,180000,0.03,absolute,6170617.528,15.859,22.344,6.484,2069486320,2771214030,2451597726,2563,14975,497013754,174354,14975,171594,ok,
threshold,ecommerce,/work/datasets/ecommerce.txt,5,,,186000,0.03,absolute,5792534.64,16.02,22.422,6.402,1940198958,2623682136,2318385016,2550,14975,497013754,174354,14975,171518,ok,
threshold,ecommerce,/work/datasets/ecommerce.txt,6,,,224000,0.03,absolute,4087027.35,15.965,22.469,6.504,1255758218,1894247706,1603425512,2467,14975,497013754,174354,14975,170902,ok,
threshold,ecommerce,/work/datasets/ecommerce.txt,7,,,298000,0.03,absolute,1868361.873,15.98,22.258,6.277,492078617,925043887,712380791,2319,14975,497013754,174354,14975,169484,ok,
threshold,ecommerce,/work/datasets/ecommerce.txt,8,,,447000,0.03,absolute,239605.181,15.863,22.168,6.305,46005875,129768325,83860725,2073,14975,497013754,174354,14975,166443,ok,
threshold,ecommerce,/work/datasets/ecommerce.txt,9,,,596000,0.03,absolute,27060.332,15.848,21.949,6.102,4093638,10540813,6472596,1870,14975,497013754,174354,14975,163098,ok,
threshold,ecommerce,/work/datasets/ecommerce.txt,10,,,746000,0.03,absolute,13190.247,15.902,21.879,5.977,886868,3577321,1753717,1703,14975,497013754,174354,14975,159610,ok,
threshold,fruithut,/work/datasets/fruithut.txt,1,,,13000,0.02,absolute,1368186.048,15.965,50.496,34.531,189527795,848646468,411097001,1156,181970,261871526,652773,181970,652422,ok,
threshold,fruithut,/work/datasets/fruithut.txt,2,,,26000,0.02,absolute,66462.743,15.895,50.578,34.684,116106,1842195,205402,1060,181970,261871526,652773,181970,651679,ok,
threshold,fruithut,/work/datasets/fruithut.txt,3,,,39000,0.02,absolute,59705.112,15.977,50.84,34.863,47503,1064436,88024,965,181970,261871526,652773,181970,650565,ok,
threshold,fruithut,/work/datasets/fruithut.txt,4,,,52000,0.02,absolute,52417.412,15.895,49.938,34.043,26681,741106,50941,886,181970,261871526,652773,181970,649263,ok,
threshold,fruithut,/work/datasets/fruithut.txt,5,,,65000,0.02,absolute,47917.432,15.898,50.477,34.578,17163,569159,34010,826,181970,261871526,652773,181970,648066,ok,
threshold,fruithut,/work/datasets/fruithut.txt,6,,,79000,0.02,absolute,43696.176,15.855,49.586,33.73,11840,451394,24031,757,181970,261871526,652773,181970,646341,ok,
threshold,fruithut,/work/datasets/fruithut.txt,7,,,105000,0.02,absolute,38951.09,15.852,49.82,33.969,6983,321933,14673,681,181970,261871526,652773,181970,643865,ok,
threshold,fruithut,/work/datasets/fruithut.txt,8,,,157000,0.02,absolute,33196.824,15.844,49.969,34.125,3470,202091,7590,584,181970,261871526,652773,181970,639736,ok,
threshold,fruithut,/work/datasets/fruithut.txt,9,,,209000,0.02,absolute,28035.034,15.832,49.438,33.605,2097,141334,4792,494,181970,261871526,652773,181970,634110,ok,
threshold,fruithut,/work/datasets/fruithut.txt,10,,,262000,0.02,absolute,24729.155,15.855,49.719,33.863,1395,106501,3333,432,181970,261871526,652773,181970,628853,ok,
threshold,liquor,/work/datasets/liquor.txt,1,,,2800,0.05,absolute,36578.584,15.973,31.34,15.367,139568,1085167,212528,1978,52131,22369922,410619,52131,405456,ok,
threshold,liquor,/work/datasets/liquor.txt,2,,,5600,0.05,absolute,27564.869,15.852,30.855,15.004,47102,586609,75701,1544,52131,22369922,410619,52131,401816,ok,
threshold,liquor,/work/datasets/liquor.txt,3,,,8400,0.05,absolute,23171.055,16.031,31.203,15.172,21045,401443,33565,1313,52131,22369922,410619,52131,398487,ok,
threshold,liquor,/work/datasets/liquor.txt,4,,,11000,0.05,absolute,20489.916,15.969,31.055,15.086,13752,318406,21829,1168,52131,22369922,410619,52131,395555,ok,
threshold,liquor,/work/datasets/liquor.txt,5,,,14000,0.05,absolute,18522.828,15.977,30.809,14.832,8838,257385,14856,1058,52131,22369922,410619,52131,392750,ok,
threshold,liquor,/work/datasets/liquor.txt,6,,,17000,0.05,absolute,16854.721,15.844,30.164,14.32,6234,216988,11005,967,52131,22369922,410619,52131,390071,ok,
threshold,liquor,/work/datasets/liquor.txt,7,,,22000,0.05,absolute,13982.109,15.855,30.438,14.582,3843,165155,7502,830,52131,22369922,410619,52131,384563,ok,
threshold,liquor,/work/datasets/liquor.txt,8,,,34000,0.05,absolute,10700.872,15.855,30.25,14.395,1523,100492,3249,620,52131,22369922,410619,52131,372918,ok,
threshold,liquor,/work/datasets/liquor.txt,9,,,45000,0.05,absolute,8429.649,16.004,29.895,13.891,872,70654,1927,518,52131,22369922,410619,52131,365029,ok,
threshold,liquor,/work/datasets/liquor.txt,10,,,56000,0.05,absolute,7314.426,16.012,29.887,13.875,570,54955,1295,436,52131,22369922,410619,52131,356972,ok,
threshold,chicago_crimes,/work/datasets/chicago_crimes.txt,1,,,4000,0.2,absolute,52105.555,15.855,470.91,455.055,4227,7189,5144,25,2662309,7941285,4781456,2662309,4780537,ok,
threshold,chicago_crimes,/work/datasets/chicago_crimes.txt,2,,,8000,0.2,absolute,51938.709,15.84,475.754,459.914,2182,4217,2808,25,2662309,7941285,4781456,2662309,4780537,ok,
threshold,chicago_crimes,/work/datasets/chicago_crimes.txt,3,,,12000,0.2,absolute,50661.141,15.863,475.66,459.797,1407,2895,1801,25,2662309,7941285,4781456,2662309,4780537,ok,
threshold,chicago_crimes,/work/datasets/chicago_crimes.txt,4,,,16000,0.2,absolute,50269.301,15.84,471.906,456.066,1043,2276,1361,25,2662309,7941285,4781456,2662309,4780537,ok,
threshold,chicago_crimes,/work/datasets/chicago_crimes.txt,5,,,20000,0.2,absolute,48850.588,15.977,474.699,458.723,813,1816,1058,24,2662309,7941285,4781456,2662309,4777628,ok,
threshold,chicago_crimes,/work/datasets/chicago_crimes.txt,6,,,24000,0.2,absolute,48348.418,15.828,471.395,455.566,649,1550,865,23,2662309,7941285,4781456,2662309,4774144,ok,
threshold,chicago_crimes,/work/datasets/chicago_crimes.txt,7,,,32000,0.2,absolute,47520.008,15.844,469.16,453.316,479,1168,630,22,2662309,7941285,4781456,2662309,4768086,ok,
threshold,chicago_crimes,/work/datasets/chicago_crimes.txt,8,,,48000,0.2,absolute,45943.922,15.98,484.441,468.461,298,795,400,20,2662309,7941285,4781456,2662309,4750137,ok,
threshold,chicago_crimes,/work/datasets/chicago_crimes.txt,9,,,64000,0.2,absolute,44862.972,15.969,476.07,460.102,213,626,289,20,2662309,7941285,4781456,2662309,4750137,ok,
threshold,chicago_crimes,/work/datasets/chicago_crimes.txt,10,,,79000,0.2,absolute,43435.616,15.793,469.949,454.156,160,504,227,18,2662309,7941285,4781456,2662309,4724811,ok,
threshold,yoochoose_buys,/work/datasets/yoochoose_buys.dat,1,,,204000,0.01,absolute,1498006.878,15.805,42.266,26.461,286017098,757741952,497908128,2880,234300,1929487461,507266,234300,274286,ok,
threshold,yoochoose_buys,/work/datasets/yoochoose_buys.dat,2,,,250000,0.01,absolute,78244.353,16.016,43.168,27.152,3270673,12758878,6014025,2422,234300,1929487461,507266,234300,264074,ok,
threshold,yoochoose_buys,/work/datasets/yoochoose_buys.dat,3,,,260000,0.01,absolute,63073.299,15.863,40.625,24.762,1973017,3643267,2468450,2308,234300,1929487461,507266,234300,261385,ok,
threshold,yoochoose_buys,/work/datasets/yoochoose_buys.dat,4,,,270000,0.01,absolute,57701.561,15.98,41.363,25.383,1593493,2468978,1904794,2216,234300,1929487461,507266,234300,258974,ok,
threshold,yoochoose_buys,/work/datasets/yoochoose_buys.dat,5,,,280000,0.01,absolute,54449.256,16.023,39.93,23.906,1284175,2084226,1567229,2128,234300,1929487461,507266,234300,256811,ok,
threshold,yoochoose_buys,/work/datasets/yoochoose_buys.dat,6,,,290000,0.01,absolute,51836.465,15.844,39.828,23.984,1012063,1735030,1261284,2050,234300,1929487461,507266,234300,254724,ok,
threshold,yoochoose_buys,/work/datasets/yoochoose_buys.dat,7,,,300000,0.01,absolute,48767.606,15.984,40.27,24.285,777689,1406805,990190,1971,234300,1929487461,507266,234300,252431,ok,
threshold,yoochoose_buys,/work/datasets/yoochoose_buys.dat,8,,,305000,0.01,absolute,48283.918,16.012,41.027,25.016,677506,1262471,873256,1947,234300,1929487461,507266,234300,251898,ok,
threshold,yoochoose_buys,/work/datasets/yoochoose_buys.dat,9,,,407000,0.01,absolute,30853.808,15.984,39.891,23.906,925,30229,1598,1486,234300,1929487461,507266,234300,236688,ok,
threshold,yoochoose_buys,/work/datasets/yoochoose_buys.dat,10,,,509000,0.01,absolute,22683.61,15.906,37.812,21.906,668,20127,1027,1189,234300,1929487461,507266,234300,223902,ok,
threshold,kosarak,/work/datasets/kosarak.txt,1,,,2000000,0.02,absolute,36413.014,15.859,281.684,265.824,37,5349,92,1409,990002,140925416,8019015,990002,5667126,ok,
threshold,kosarak,/work/datasets/kosarak.txt,2,,,2250000,0.02,absolute,31030.853,15.867,278.66,262.793,33,2126,71,1165,990002,140925416,8019015,990002,5453719,ok,
threshold,kosarak,/work/datasets/kosarak.txt,3,,,2500000,0.02,absolute,28607.225,15.969,276.578,260.609,26,1420,55,977,990002,140925416,8019015,990002,5253598,ok,
threshold,kosarak,/work/datasets/kosarak.txt,4,,,2750000,0.02,absolute,27663.055,15.863,266.316,250.453,22,1227,48,858,990002,140925416,8019015,990002,5116981,ok,
threshold,kosarak,/work/datasets/kosarak.txt,5,,,3000000,0.02,absolute,26274.513,15.969,263.055,247.086,19,1028,42,743,990002,140925416,8019015,990002,4968506,ok,
threshold,kosarak,/work/datasets/kosarak.txt,6,,,3250000,0.02,absolute,24794.669,15.895,264.168,248.273,19,802,33,663,990002,140925416,8019015,990002,4848299,ok,
threshold,kosarak,/work/datasets/kosarak.txt,7,,,3500000,0.02,absolute,24125.616,15.98,254.828,238.848,18,689,30,579,990002,140925416,8019015,990002,4679512,ok,
threshold,kosarak,/work/datasets/kosarak.txt,8,,,4000000,0.02,absolute,23209.513,15.797,250.953,235.156,13,535,25,442,990002,140925416,8019015,990002,4378003,ok,
threshold,kosarak,/work/datasets/kosarak.txt,9,,,4500000,0.02,absolute,22187.796,16.012,244.324,228.312,10,400,21,341,990002,140925416,8019015,990002,4115342,ok,
threshold,kosarak,/work/datasets/kosarak.txt,10,,,5000000,0.02,absolute,21748.814,15.855,237.832,221.977,9,331,20,279,990002,140925416,8019015,990002,3913802,ok,
threshold,accidents,/work/datasets/accidents.txt,1,,,21000000,1.0,absolute,2396369.266,15.859,362.285,346.426,3383,40060,10323,71,340183,196141636,11500870,340183,9982879,ok,
threshold,accidents,/work/datasets/accidents.txt,2,,,22000000,1.0,absolute,1686217.555,15.977,359.438,343.461,1885,29596,6544,68,340183,196141636,11500870,340183,9873133,ok,
threshold,accidents,/work/datasets/accidents.txt,3,,,23000000,1.0,absolute,1199331.563,15.852,358.816,342.965,1026,22331,4230,67,340183,196141636,11500870,340183,9834370,ok,
threshold,accidents,/work/datasets/accidents.txt,4,,,24000000,1.0,absolute,852304.658,15.98,353.129,337.148,513,17108,2669,65,340183,196141636,11500870,340183,9753265,ok,
threshold,accidents,/work/datasets/accidents.txt,5,,,25000000,1.0,absolute,622898.606,15.848,347.578,331.73,266,13203,1733,64,340183,196141636,11500870,340183,9711386,ok,
threshold,accidents,/work/datasets/accidents.txt,6,,,26000000,1.0,absolute,477689.204,15.859,347.273,331.414,144,10523,1196,64,340183,196141636,11500870,340183,9711386,ok,
threshold,accidents,/work/datasets/accidents.txt,7,,,27000000,1.0,absolute,377127.287,15.98,351.691,335.711,68,8606,849,63,340183,196141636,11500870,340183,9664051,ok,
threshold,accidents,/work/datasets/accidents.txt,8,,,28000000,1.0,absolute,301826.414,15.898,343.113,327.215,28,6920,611,63,340183,196141636,11500870,340183,9664051,ok,
threshold,accidents,/work/datasets/accidents.txt,9,,,29000000,1.0,absolute,229033.799,15.852,343.219,327.367,15,5308,425,61,340183,196141636,11500870,340183,9566334,ok,
threshold,accidents,/work/datasets/accidents.txt,10,,,30000000,1.0,absolute,188556.978,15.855,336.551,320.695,6,4330,319,60,340183,196141636,11500870,340183,9515470,ok,
threshold,retail,/work/datasets/retail.txt,1,,,1500,0.02,absolute,265927.875,16.016,49.816,33.801,22268,6887146,102667,10379,88162,14910915,908576,88162,893022,ok,
threshold,retail,/work/datasets/retail.txt,2,,,2200,0.02,absolute,234161.478,15.844,48.746,32.902,12103,4239252,34212,9143,88162,14910915,908576,88162,884842,ok,
threshold,retail,/work/datasets/retail.txt,3,,,3000,0.02,absolute,226837.825,15.98,50.477,34.496,7314,3619388,19845,8224,88162,14910915,908576,88162,876349,ok,
threshold,retail,/work/datasets/retail.txt,4,,,3700,0.02,absolute,189306.841,15.961,49.539,33.578,5191,3364141,14985,7613,88162,14910915,908576,88162,869172,ok,
threshold,retail,/work/datasets/retail.txt,5,,,4500,0.02,absolute,174592.294,15.898,50.273,34.375,3728,3153450,11885,7043,88162,14910915,908576,88162,860953,ok,
threshold,retail,/work/datasets/retail.txt,6,,,5300,0.02,absolute,159761.677,15.898,47.41,31.512,2781,2996223,10038,6576,88162,14910915,908576,88162,853059,ok,
threshold,retail,/work/datasets/retail.txt,7,,,6100,0.02,absolute,147108.729,15.98,46.777,30.797,2197,2838173,8709,6168,88162,14910915,908576,88162,845017,ok,
threshold,retail,/work/datasets/retail.txt,8,,,6900,0.02,absolute,139247.928,15.848,49.836,33.988,1772,2697162,7738,5780,88162,14910915,908576,88162,836455,ok,
threshold,retail,/work/datasets/retail.txt,9,,,7700,0.02,absolute,128676.01,15.844,46.758,30.914,1448,2568131,6957,5446,88162,14910915,908576,88162,828181,ok,
threshold,retail,/work/datasets/retail.txt,10,,,8900,0.02,absolute,118175.076,15.973,47.277,31.305,1119,2390800,6046,5021,88162,14910915,908576,88162,816403,ok,
